{
  "centroids": [
    -0.13384794403231753,
    -0.0837589677538856,
    -0.04716193453734492,
    -0.01529573573667407,
    0.015295735736674029,
    0.04716193453734486,
    0.08375896775388553,
    0.13384794403231753
  ],
  "boundaries": [
    -1.0,
    -0.10880345589310156,
    -0.06546045114561526,
    -0.031228835137009497,
    -2.0816681711721685e-17,
    0.031228835137009442,
    0.06546045114561519,
    0.10880345589310153,
    1.0
  ],
  "mse_per_coord": 0.00013381251667461783,
  "mse_total": 0.034256004268702164,
  "d": 256,
  "bits": 3
}