{
  "centroids": [
    -0.09423680066889674,
    -0.0282881199946726,
    0.028288119994672616,
    0.09423680066889677
  ],
  "boundaries": [
    -1.0,
    -0.061262460331784674,
    6.938893903907228e-18,
    0.06126246033178469,
    1.0
  ],
  "mse_per_coord": 0.00045601577671113393,
  "mse_total": 0.11674003883805029,
  "d": 256,
  "bits": 2
}